Repo Name,Collaborator,Collaborator2,Collaborator3,Collaborator4,Collaborator5,Collaborator6,Collaborator7,Collaborator8,Collaborator9,Collaborator10,Collaborator11,Collaborator12,Collaborator13,Collaborator14,Collaborator15,Collaborator16,Collaborator17,Collaborator18,Collaborator19,Collaborator20,Collaborator21,Collaborator22,Collaborator23,Collaborator24,Collaborator25,Collaborator26,Collaborator27,Collaborator28,Collaborator29
NRM_GA_SMP,michael-laney,Luther-Jolliff,Vladislav-Myakota,Sumeet-Erry,Macire-Diakite,"Tewedaj-Zegeye""",,,,,,,,,,,,,,,,,,,,,,,
NRM_SMP,mahmoud-awad,adrian-grell,Adam-Shepherd,Dorian-Hryniewicki,Jennifer-Starkey,Sara-Hibson,Ifenna-Okeke,Andrew-rawlings,vinu-raghavan,Macire-Diakite,Tewedaj-Zegeye,"Paul-Calabrese""",,,,,,,,,,,,,,,,,
NRM_SMP_API,mahmoud-awad,christalrhigdon,Adam-Shepherd,Dorian-Hryniewicki,vinu-raghavan,Macire-Diakite,Tewedaj-Zegeye,"Paul-Calabrese""",,,,,,,,,,,,,,,,,,,,,
NRM_SMP_DB,mahmoud-awad,Adam-Shepherd,Dorian-Hryniewicki,vinu-raghavan,Macire-Diakite,Tewedaj-Zegeye,"Paul-Calabrese""",,,,,,,,,,,,,,,,,,,,,,
NRM_SMP_QA,michael-laney,Francis-Erdman,"Fulati-Paerhati""",,,,,,,,,,,,,,,,,,,,,,,,,,
NRM-574-Testing-Dataset,aaronburk,mahmoud-awad,nathan-farnsworth,andrew-hackethorn,allison-leech,lsamet,pam-wiese,thompson-grant,jonathanbenoit,Mark-Leikam,Lorena-Vasquez,"Tiffany-Mcvey""",,,,,,,,,,,,,,,,,
NRM-AccExcAddIn,nathan-farnsworth,brenda-bowen,andrew-hackethorn,ethan-bodin,jencinas,lynne-ouellette,"Michael-Allen""",,,,,,,,,,,,,,,,,,,,,,
NRM-AdhocQTool,gina-siroy,colin-stynes,christine-didocha,lance-bragin,todd-sherman,adrian-grell,Bennett-Lohre,bjlee,jencinas,jstangl,Jennifer-Bae,"Scott-Johnson""",,,,,,,,,,,,,,,,,
NRM-ADMIN,michael-spritzer,gina-siroy,"Thomas-Wolfe""",,,,,,,,,,,,,,,,,,,,,,,,,,
NRM-Air,nathan-farnsworth,denise-wickwar,sharon-horn,"karen-dillman""",,,,,,,,,,,,,,,,,,,,,,,,,
NRM-Air-Arcgis-Client,nathan-farnsworth,sharon-horn,karen-dillman,"Thomas-Wolfe""",,,,,,,,,,,,,,,,,,,,,,,,,
NRM-Air-Database,nathan-farnsworth,susan-emery,adrian-grell,sharon-horn,karen-dillman,"Thomas-Wolfe""",,,,,,,,,,,,,,,,,,,,,,,
NRM-Air-Excel-Addin,nathan-farnsworth,susan-emery,adrian-grell,robert-downing,sharon-horn,karen-dillman,Thomas-Wolfe,"Carol-Zollweg""",,,,,,,,,,,,,,,,,,,,,
NRM-Air-FME-Workbench,nathan-farnsworth,susan-emery,adrian-grell,robert-downing,sharon-horn,karen-dillman,"Thomas-Wolfe""",,,,,,,,,,,,,,,,,,,,,,
NRM-AMF,nathan-farnsworth,andrew-hackethorn,jencinas,pamela-young,"Timothy-Lindemann""",,,,,,,,,,,,,,,,,,,,,,,,
NRM-Application-Modernization,michael-spritzer,mscanlon,mahmoud-awad,nathan-farnsworth,steven-lammey,gina-siroy,andrew-hackethorn,enlang,john-simonitch,adrian-grell,jencinas,patricia-chynoweth,Patchamuthu-Jaiprakash,Timothy-Lindemann,Daniel-Doherty,Lorena-Vasquez,Adam-Shepherd,sarah-cline,Suchit-Sharma,Aditya-Patel,Maria-Conrado,Jeffrey-Chase,"Robert-Gawlik""",,,,,,
NRM-Application-Rationalization,"Andrew-rawlings""",,,,,,,,,,,,,,,,,,,,,,,,,,,,
NRM-AqS,nathan-farnsworth,christine-didocha,bjlee,cmcconnell01,mbarczak,sean-dunlap,Michael-Dunlap1,"Thomas-Wolfe""",,,,,,,,,,,,,,,,,,,,,
NRM-AqS-ExcelAddIn,nathan-farnsworth,stephaniebelarde,christine-didocha,jeffrey-johnson,adrian-grell,cmcconnell01,jsulzman,mbarczak,robert-downing,sean-dunlap,Michael-Dunlap1,"Thomas-Wolfe""",,,,,,,,,,,,,,,,,
NRM-Archive,nathan-farnsworth,"steven-lammey""",,,,,,,,,,,,,,,,,,,,,,,,,,,
NRM-ArcMLnkTlbr,nathan-farnsworth,andrew-hackethorn,jencinas,Timothy-Lindemann,Diedre-Arzy,"Michael-Allen""",,,,,,,,,,,,,,,,,,,,,,,
NRM-ArcProMainMenu,Sheetal-Thakkar,"Ryan-Kelley2""",,,,,,,,,,,,,,,,,,,,,,,,,,,
NRM-ArcProPOC,Udhayanidhi-Poyyamozhi,"Joseph-Gouge""",,,,,,,,,,,,,,,,,,,,,,,,,,,
NRM-ArcProRefactor,lbridgford,Joseph-Gouge,Molly-Trace,"Terry-Giles""",,,,,,,,,,,,,,,,,,,,,,,,,
NRM-ASM,robert-galentine,gina-siroy,"enlang""",,,,,,,,,,,,,,,,,,,,,,,,,,
NRM-ATM,aaronburk,nathan-farnsworth,susan-emery,marc-smith,thompson-grant,brendayankoviak,brian-moe,denise-wickwar,elisha-palmer,kevin-j-johnson,patricia-chynoweth,tboll,Daniel-Doherty,Penelope-Wu,Michelle-Anderson2,jared-boehmke,"john-diefenderfer""",,,,,,,,,,,,
NRM-Attach,nathan-farnsworth,jencinas,"Michael-Allen""",,,,,,,,,,,,,,,,,,,,,,,,,,
NRM-Attach-FileUpload,"nathan-farnsworth""",,,,,,,,,,,,,,,,,,,,,,,,,,,,
NRM-Attach-Upload,"nathan-farnsworth""",,,,,,,,,,,,,,,,,,,,,,,,,,,,
NRM-Bldgs,aaronburk,nathan-farnsworth,susan-emery,thompson-grant,charlesruhsenberger,Daniel-Doherty,Michelle-Anderson2,jared-boehmke,Nicholas-Cieslak,betty-block,"randa-osborn""",,,,,,,,,,,,,,,,,,
NRM-Brdgs,aaronburk,nathan-farnsworth,susan-emery,sukanya-pailla,marc-smith,thompson-grant,alla-gatton,brian-moe,robert-downing,svitlana-sergeeva,tboll,Pamela-Hergett,jacob-ormes,Daniel-Doherty,Michelle-Anderson2,"jared-boehmke""",,,,,,,,,,,,,
NRM-Caves,nathan-farnsworth,allison-leech,lsamet,john-simonitch,jose-acosta3,ethan-bodin,cyndee-maki,frederick-pieper,jonathanbenoit,patricia-chynoweth,robert-downing,Patchamuthu-Jaiprakash,Cynthia-Maki,Michelle-Anderson2,Joshua-Weathers,Leena-Jacob,"Ian-Powers""",,,,,,,,,,,,
NRM-Caves-DB,lsamet,john-simonitch,jose-acosta3,cyndee-maki,jonathanbenoit,robert-downing,Patchamuthu-Jaiprakash,Cynthia-Maki,"Michelle-Anderson2""",,,,,,,,,,,,,,,,,,,,
NRM-CLA,nathan-farnsworth,andrew-hackethorn,sukanya-pailla,roy-mita,jencinas,"Michael-Allen""",,,,,,,,,,,,,,,,,,,,,,,
NRM-CommSys,aaronburk,nathan-farnsworth,susan-emery,thompson-grant,airwin,charlesruhsenberger,kathy-kennedy,Mark-Leikam,Daniel-Doherty,Michelle-Anderson2,jared-boehmke,betty-block,"randa-osborn""",,,,,,,,,,,,,,,,
NRM-Contacts,nathan-farnsworth,"Mary-Monson""",,,,,,,,,,,,,,,,,,,,,,,,,,,
NRM-Contacts-Cleanup,nathan-farnsworth,naveen-jonnalagadda,gary-petrakes,john-simonitch,frederick-pieper,Mary-Monson,"Lorena-Vasquez""",,,,,,,,,,,,,,,,,,,,,,
NRM-Contacts-Legacy,nathan-farnsworth,naveen-jonnalagadda,duane-fisher,gary-petrakes,jamie-lentz,thompson-grant,beth-boddiger,alla-gatton,robert-downing,Mary-Monson,"Lorena-Vasquez""",,,,,,,,,,,,,,,,,,
NRM-ContReplace,nathan-farnsworth,naveen-jonnalagadda,gary-petrakes,pam-wiese,"thompson-grant""",,,,,,,,,,,,,,,,,,,,,,,,
NRM-Culvert-Installation,nathan-farnsworth,thompson-grant,ethan-bodin,brian-moe,kendra-olsen,Pamela-Hergett,jacob-ormes,Daniel-Doherty,"Michelle-Anderson2""",,,,,,,,,,,,,,,,,,,,
NRM-Culvert-Installation-Legacy,aaronburk,nathan-farnsworth,susan-emery,lance-bragin,thompson-grant,brian-moe,Pamela-Hergett,jacob-ormes,Daniel-Doherty,Michelle-Anderson2,"jared-boehmke""",,,,,,,,,,,,,,,,,,
NRM-CulvertInstallations,nathan-farnsworth,susan-emery,thompson-grant,ethan-bodin,brian-moe,kendra-olsen,Pamela-Hergett,Daniel-Doherty,"Michelle-Anderson2""",,,,,,,,,,,,,,,,,,,,
NRM-Culvert-Legacy,aaronburk,nathan-farnsworth,naveen-jonnalagadda,susan-emery,anupama-wudali,gary-petrakes,thompson-grant,ethan-bodin,brian-moe,davidbpayne,Pamela-Hergett,jacob-ormes,Daniel-Doherty,"Michelle-Anderson2""",,,,,,,,,,,,,,,
NRM-DA,susan-emery,brenda-bowen,roy-mita,adrian-grell,edtwombly,jonathan-marston,robert-downing,Thomas-Wolfe,Jessie-Bowen,"Nicole-Dienst""",,,,,,,,,,,,,,,,,,,
NRM-Dams,aaronburk,nathan-farnsworth,naveen-jonnalagadda,susan-emery,allison-leech,gary-petrakes,jeffrey-johnson,thompson-grant,cyndee-maki,Mark-Leikam,narasimhan-wudali,kelly-brom,Cynthia-Maki,Daniel-Doherty,Michelle-Anderson2,jared-boehmke,betty-block,randa-osborn,Naresh-Garg,"BalaKrishna-Chitneni""",,,,,,,,,
NRM-Dashboard,gary-petrakes,jamie-lentz,pam-wiese,"todd-sherman""",,,,,,,,,,,,,,,,,,,,,,,,,
NRM-DataLoader,mahmoud-awad,christalrhigdon,nathan-farnsworth,stephaniebelarde,colin-stynes,andrew-hackethorn,lance-bragin,allison-leech,john-simonitch,ethan-bodin,adrian-grell,elisha-palmer,jonathanbenoit,jstangl,lynne-ouellette,Timothy-Lindemann,Nathan-Suon,Jordan-Bess,Thomas-Wolfe,Balakrishna-Dontula,Molly-Trace,Patrick-Carney,Yojando-Drullard,michelle-mccarron,Michael-Allen,Annalisa-Stasey,"Lakshmi-Chebrolu""",,
NRM-DB_INSP,nathan-farnsworth,andrew-hackethorn,allison-leech,lsamet,ethan-bodin,"jencinas""",,,,,,,,,,,,,,,,,,,,,,,
NRM-DB-Solutions,nathan-farnsworth,susan-emery,stephaniebelarde,enlang,"thompson-grant""",,,,,,,,,,,,,,,,,,,,,,,,
NRM-DX,andrew-hackethorn,lance-bragin,jeffrey-johnson,lsamet,ethan-bodin,bjlee,jencinas,jonathanbenoit,jstangl,lynne-ouellette,Timothy-Lindemann,"AbigailClairedelallana-Real""",,,,,,,,,,,,,,,,,
NRM-EUSecurity,john-simonitch,ethan-bodin,ann-mates,Michael-Allen,"Scott-Johnson""",,,,,,,,,,,,,,,,,,,,,,,,
NRM-EUSecurity-DevAcctMgmt,"nathan-farnsworth""",,,,,,,,,,,,,,,,,,,,,,,,,,,,
NRM-EUSecurity-EnterpriseUserConvert,"nathan-farnsworth""",,,,,,,,,,,,,,,,,,,,,,,,,,,,
NRM-EUSecurity-OID-Trail,"nathan-farnsworth""",,,,,,,,,,,,,,,,,,,,,,,,,,,,
NRM-ExamsMobile,mahmoud-awad,roy-mita,adrian-grell,jonathanbenoit,robert-downing,Timothy-Lindemann,Aaron-Dick,Adam-Shepherd,Aditya-Patel,Utsav-Parikh,Nathan-Suon,Forrest-Kaye,Sara-Hibson,Laurie-Swisher,curtis-phelps,Asad-Satti,Margaret-Kirkeminde,Annalisa-Stasey,"Neida-Ortiz""",,,,,,,,,,
NRM-Exchange-Tools,Christopher-Barrett,wendy-parker,"AbigailClairedelallana-Real""",,,,,,,,,,,,,,,,,,,,,,,,,,
NRM-FACTS-2016,susan-emery,martin-ferwerda,christine-didocha,lance-bragin,duane-fisher,margaret-farrell,enlang,allison-leech,ethan-bodin,adrian-grell,delvin-bunton,kaylene-monson,lynne-ouellette,sean-dunlap,Mary-Monson,Michael-Dunlap1,Timothy-Lindemann,Kade-Schemahorn,Aditya-Patel,Rebekah-Hickey,Adetunji-Arojojoye,"Maria-Conrado""",,,,,,,
NRM-FACTS-2023,"michael-spritzer""",,,,,,,,,,,,,,,,,,,,,,,,,,,,
NRM-FACTS-Legacy,lance-bragin,duane-fisher,margaret-farrell,sukanya-pailla,lynne-ouellette,Mary-Monson,Diedre-Arzy,juana-hernandez,Iroda-Shukurova,Cherrie-Mooty,kristina-deyoung,Jeffrey-Chase,benjamin-farina,"Robert-Gawlik""",,,,,,,,,,,,,,,
NRM-FACTS-SpatialEditor-2023,"margaret-farrell""",,,,,,,,,,,,,,,,,,,,,,,,,,,,
NRM-FMMI_Interface,nathan-farnsworth,naveen-jonnalagadda,mwei,enlang,gary-petrakes,jamie-lentz,pam-wiese,beth-boddiger,kaylene-monson,teresa-wurschmidt,"Mary-Monson""",,,,,,,,,,,,,,,,,,
NRM-FMMI_Interface-OpenForest,nathan-farnsworth,enlang,"thompson-grant""",,,,,,,,,,,,,,,,,,,,,,,,,,
NRM-FMMI_Interface-TIMWebservice,nathan-farnsworth,enlang,jamie-lentz,beth-boddiger,dguidry,jashe,kaylene-monson,Mary-Monson,kelly-starling,"Shawn-Buescher""",,,,,,,,,,,,,,,,,,,
NRM-FMMI_Interface-TSRM,nathan-farnsworth,jamie-lentz,kaylene-monson,Mary-Monson,"Shawn-Buescher""",,,,,,,,,,,,,,,,,,,,,,,,
NRM-FSDMP,nathan-farnsworth,martin-ferwerda,adrian-grell,linda-spencer,Thomas-Wolfe,robert-colter,"Olivia-Fraser""",,,,,,,,,,,,,,,,,,,,,,
NRM-FSOrgChange,nathan-farnsworth,susan-emery,andrew-hackethorn,duane-fisher,marc-smith,thompson-grant,ann-mates,bjlee,kaylene-monson,patricia-chynoweth,pamela-young,Mary-Monson,"Christopher-Perry2""",,,,,,,,,,,,,,,,
NRM-FSVeg,mahmoud-awad,nathan-farnsworth,susan-emery,colin-stynes,allison-leech,todd-sherman,roy-mita,adrian-grell,Bennett-Lohre,denise-wickwar,jonathanbenoit,robert-downing,"curtis-phelps""",,,,,,,,,,,,,,,,
NRM-FSVeg-Legacy,mahmoud-awad,nathan-farnsworth,todd-sherman,roy-mita,Nathan-Suon,Thomas-Wolfe,Margaret-Kirkeminde,"Annalisa-Stasey""",,,,,,,,,,,,,,,,,,,,,
NRM-FSVegSpatial,nathan-farnsworth,brenda-bowen,roy-mita,edtwombly,lbridgford,Nicole-Dienst,"Michael-Mattaini""",,,,,,,,,,,,,,,,,,,,,,
NRM-Fsweb-PHP,andrew-e-wilson,steven-moslin,William-Padgett,"Christopher-Perry2""",,,,,,,,,,,,,,,,,,,,,,,,,
NRM-GA,michael-spritzer,mahmoud-awad,nathan-farnsworth,naveen-jonnalagadda,enlang,allison-leech,jamie-lentz,pam-wiese,thompson-grant,Melissa-Braxton,jose-acosta3,Neil-Martinsen-Burrell,melanie-guinan,Adam-Shepherd,Gerald-Berg,WanChung-Lee,Jennifer-Starkey,Benjamin-Foley,Sara-Hibson,Edward-Feldman,Olusegun-Amao,Molly-Trace,Richard-Dreher,Nicholas-Bigogno,"Aileen-Asare""",,,,
NRM-GA-CodesLib-Legacy,nathan-farnsworth,naveen-jonnalagadda,enlang,gary-petrakes,jamie-lentz,"Melissa-Braxton""",,,,,,,,,,,,,,,,,,,,,,,
NRM-GA-Common,jamie-lentz,"pam-wiese""",,,,,,,,,,,,,,,,,,,,,,,,,,,
NRM-GA-FfataRejects-Legacy,nathan-farnsworth,naveen-jonnalagadda,enlang,gary-petrakes,jamie-lentz,"Melissa-Braxton""",,,,,,,,,,,,,,,,,,,,,,,
NRM-GA-Legacy,enlang,jamie-lentz,pam-wiese,Melissa-Braxton,Neil-Martinsen-Burrell,melanie-guinan,Edward-Feldman,"Kayla-Zimmerman""",,,,,,,,,,,,,,,,,,,,,
NRM-GA-Raca-Legacy,nathan-farnsworth,jamie-lentz,"Melissa-Braxton""",,,,,,,,,,,,,,,,,,,,,,,,,,
NRM-GA-WorkPlan-Legacy,nathan-farnsworth,enlang,jamie-lentz,"Melissa-Braxton""",,,,,,,,,,,,,,,,,,,,,,,,,
NRM-GeoLoc,nathan-farnsworth,ethan-bodin,brian-moe,Timothy-Lindemann,Diedre-Arzy,Gaurav-Thakkar,"Lakshmi-Chebrolu""",,,,,,,,,,,,,,,,,,,,,,
NRM-GeoLoc-Fea,nathan-farnsworth,Timothy-Lindemann,"Karen-Hale""",,,,,,,,,,,,,,,,,,,,,,,,,,
NRM-GeoLoc-LU,nathan-farnsworth,"Timothy-Lindemann""",,,,,,,,,,,,,,,,,,,,,,,,,,,
NRM-Get-to-Post,michael-spritzer,Angela-Castillo,"Macire-Diakite""",,,,,,,,,,,,,,,,,,,,,,,,,,
NRM-GI,nathan-farnsworth,gina-siroy,andrew-hackethorn,sukanya-pailla,anthony-courter,delvin-bunton,jencinas,susan-dibble,Timothy-Lindemann,"Michael-Allen""",,,,,,,,,,,,,,,,,,,
NRM-GI-Reg-Tool-Installer,"Matthew-Manint""",,,,,,,,,,,,,,,,,,,,,,,,,,,,
NRM-GIS,Dylan-Mcafee,nathan-farnsworth,steven-moslin,andrew-hackethorn,ethan-bodin,george-w-johnson,"Jordan-Bess""",,,,,,,,,,,,,,,,,,,,,,
NRM-GitHub-Deployment-Report,nathan-farnsworth,"ethan-bodin""",,,,,,,,,,,,,,,,,,,,,,,,,,,
,,,,,,,,,,,,,,,,,,,,,,,,,,,,,
NRM-GitHub-Documentation-Report,nathan-farnsworth,"ethan-bodin""",,,,,,,,,,,,,,,,,,,,,,,,,,,
NRM-GitHub-Issue-Exporter,nathan-farnsworth,ethan-bodin,"Susan-Schaibly""",,,,,,,,,,,,,,,,,,,,,,,,,,
NRM-GitHub-Migration,shadat-mahmud,matthew-reiss,lena-ahad,nathan-farnsworth,naveen-jonnalagadda,gary-petrakes,john-simonitch,"ethan-bodin""",,,,,,,,,,,,,,,,,,,,,
NRM-GitHub-Support,chaochung-tsai,"Smitha-Konala""",,,,,,,,,,,,,,,,,,,,,,,,,,,
NRM-gPAS,nathan-farnsworth,enlang,"jsulzman""",,,,,,,,,,,,,,,,,,,,,,,,,,
NRM-Heritage,nathan-farnsworth,gina-siroy,sukanya-pailla,lsamet,jose-acosta3,adrian-grell,anthony-courter,ablythehaverstock,cbbarrett,deirdreremley,delvin-bunton,denise-wickwar,patricia-chynoweth,regina-griffith,tara-hamilton,Christopher-Barrett,Lorena-Vasquez,Michelle-Anderson2,Joseph-Gouge,kristen-hauge,Sheetal-Darpe,wendy-parker,Maria-Conrado,Mariah-Furtek,Scott-Johnson,Sterling-Clay,brandy-clark,Brandy-Hurtado,"Michelle-Gray"""
NRM-Heritage_DWBI,nathan-farnsworth,sukanya-pailla,jose-acosta3,adrian-grell,bjlee,cbbarrett,deirdreremley,denise-wickwar,regina-griffith,tara-hamilton,Lorena-Vasquez,Michelle-Anderson2,Luan-Pham,Joseph-Gouge,kristen-hauge,wendy-parker,Maria-Conrado,Mariah-Furtek,Sterling-Clay,brandy-clark,Brandy-Hurtado,Jeffrey-Chase,"Michelle-Gray""",,,,,,
NRM-Heritage-Database,nathan-farnsworth,jose-acosta3,cbbarrett,deirdreremley,tara-hamilton,Christopher-Barrett,Michelle-Anderson2,"wendy-parker""",,,,,,,,,,,,,,,,,,,,,
NRM-Heritage-DataMigration,nathan-farnsworth,john-simonitch,jose-acosta3,cbbarrett,deirdreremley,delvin-bunton,frederick-pieper,tara-hamilton,Christopher-Barrett,Michelle-Anderson2,"wendy-parker""",,,,,,,,,,,,,,,,,,
NRM-InterpSrvs,nathan-farnsworth,john-simonitch,jose-acosta3,alla-gatton,cyndee-maki,jonathanbenoit,Cynthia-Maki,"Michelle-Anderson2""",,,,,,,,,,,,,,,,,,,,,
NRM-InvMonRngMap,nathan-farnsworth,martin-ferwerda,lynne-ouellette,linda-spencer,robert-colter,"Olivia-Fraser""",,,,,,,,,,,,,,,,,,,,,,,
NRM-InvMonRngMap-CodeStewardship,nathan-farnsworth,Thomas-Wolfe,robert-colter,"Olivia-Fraser""",,,,,,,,,,,,,,,,,,,,,,,,,
NRM-LocMinrls,nathan-farnsworth,naveen-jonnalagadda,lance-bragin,sukanya-pailla,gary-petrakes,john-simonitch,jose-acosta3,cchood,jaylene-rich,Michelle-Anderson2,Sheetal-Darpe,Gaurav-Thakkar,Cherrie-Mooty,michelle-mccarron,Lakshmi-Chebrolu,"Jinal-Shah""",,,,,,,,,,,,,
NRM-LocMinrls-MgCommodity,nathan-farnsworth,naveen-jonnalagadda,gary-petrakes,jeffrey-johnson,john-simonitch,jose-acosta3,"Michelle-Anderson2""",,,,,,,,,,,,,,,,,,,,,,
NRM-LSRS,nathan-farnsworth,Bennett-Lohre,trwarburton,susan-ruzicka,kelsey-david,rob-ahl,"Molly-Trace""",,,,,,,,,,,,,,,,,,,,,,
NRM-LSRS-2023,calbury,susan-ruzicka,david-ohara,Adam-Shepherd,Molly-Trace,Andrew-rawlings,vinu-raghavan,Patrick-Carney,Scott-Rosner,Monique-Stevenson,Ryan-Kelley2,David-Black,Lawrence-Armstrong,Annalisa-Stasey,Joy-Difranza,Fasil-Fetene,Ashley-Seim,Neida-Ortiz,"chans-obrien""",,,,,,,,,,
NRM-LSRS-Publication,nathan-farnsworth,jose-acosta3,susan-ruzicka,"david-ohara""",,,,,,,,,,,,,,,,,,,,,,,,,
NRM-MainMenuD,nathan-farnsworth,sukanya-pailla,gary-petrakes,"Lorena-Vasquez""",,,,,,,,,,,,,,,,,,,,,,,,,
NRM-MinrlMater,nathan-farnsworth,susan-emery,enlang,gary-petrakes,cchood,robert-downing,jaylene-rich,"beth-dowsett""",,,,,,,,,,,,,,,,,,,,,
NRM-MobileBuilder,aaronburk,nathan-farnsworth,sukanya-pailla,marc-smith,brian-moe,"elisha-palmer""",,,,,,,,,,,,,,,,,,,,,,,
NRM-Modernization-Reports-Conversion,adrian-grell,Timothy-Lindemann,"Joseph-Gouge""",,,,,,,,,,,,,,,,,,,,,,,,,,
NRM-Modernization-Research,mahmoud-awad,Dylan-Mcafee,Adam-Shepherd,"Suchit-Sharma""",,,,,,,,,,,,,,,,,,,,,,,,,
NRM-NAMP,aaronburk,nathan-farnsworth,naveen-jonnalagadda,susan-emery,anupama-wudali,gary-petrakes,thompson-grant,alla-gatton,brian-moe,denise-wickwar,elisha-palmer,jonathanbenoit,kathy-kennedy,robert-downing,svitlana-sergeeva,Cynthia-Maki,Pamela-Hergett,Daniel-Doherty,Michelle-Anderson2,jared-boehmke,Bradley-Fels,christopher-j-murphy,betty-block,Joshua-Weathers,"Ian-Powers""",,,,
NRM-NEFA,john-cowardin,nathan-farnsworth,Timothy-Lindemann,"Michael-Allen""",,,,,,,,,,,,,,,,,,,,,,,,,
NRM-NRMClient,nathan-farnsworth,ethan-bodin,jencinas,lynne-ouellette,"Michael-Allen""",,,,,,,,,,,,,,,,,,,,,,,,
NRM-NRMClient-ArcPro-2023,stephaniebelarde,"Susan-Schaibly""",,,,,,,,,,,,,,,,,,,,,,,,,,,
NRM-NRMMap,christalrhigdon,nathan-farnsworth,lance-bragin,ethan-bodin,adrian-grell,frederick-pieper,Timothy-Lindemann,Lorena-Vasquez,Michael-Allen,"Scott-Johnson""",,,,,,,,,,,,,,,,,,,
NRM-NRMMap-JSAPI,nathan-farnsworth,ethan-bodin,"adrian-grell""",,,,,,,,,,,,,,,,,,,,,,,,,,
NRM-NVUM,nathan-farnsworth,Cynthia-Maki,sarah-cline,Joshua-Weathers,Ian-Powers,"Jeffrey-Chase""",,,,,,,,,,,,,,,,,,,,,,,
NRM-NVUM-FYUploads,nathan-farnsworth,colin-stynes,john-simonitch,jose-acosta3,cyndee-maki,Cynthia-Maki,Michelle-Anderson2,"sarah-cline""",,,,,,,,,,,,,,,,,,,,,
NRM-NVUM-Results,nathan-farnsworth,jose-acosta3,bjlee,cyndee-maki,Cynthia-Maki,Michelle-Anderson2,sarah-cline,Joshua-Weathers,"Gaurav-Thakkar""",,,,,,,,,,,,,,,,,,,,
NRM-OM-Contract-Report,nathan-farnsworth,"ethan-bodin""",,,,,,,,,,,,,,,,,,,,,,,,,,,
NRM-OPS,nathan-farnsworth,naveen-jonnalagadda,"steven-moslin""",,,,,,,,,,,,,,,,,,,,,,,,,,
NRM-OPS-Testing-Sandbox,lena-ahad,anupama-wudali,"gina-siroy""",,,,,,,,,,,,,,,,,,,,,,,,,,
NRM-P-Account-Tracker,michael-spritzer,nathan-farnsworth,steven-lammey,gina-siroy,"mona-tomomitsu""",,,,,,,,,,,,,,,,,,,,,,,,
,,,,,,,,,,,,,,,,,,,,,,,,,,,,,
NRM-QA,lance-bragin,"bjlee""",,,,,,,,,,,,,,,,,,,,,,,,,,,
NRM-R9DAP,nathan-farnsworth,susan-emery,anupama-wudali,mwei,enlang,sukanya-pailla,allison-leech,thompson-grant,beth-boddiger,alla-gatton,dguidry,jashe,narasimhan-wudali,patricia-chynoweth,svitlana-sergeeva,"teresa-wurschmidt""",,,,,,,,,,,,,
NRM-RangeMgmt,enlang,"Mary-Monson""",,,,,,,,,,,,,,,,,,,,,,,,,,,
NRM-RangeMgmt-UICore,nathan-farnsworth,enlang,allison-leech,kaylene-monson,narasimhan-wudali,patricia-chynoweth,"Mary-Monson""",,,,,,,,,,,,,,,,,,,,,,
NRM-RecSites,nathan-farnsworth,anupama-wudali,thompson-grant,brian-moe,cyndee-maki,denise-wickwar,elisha-palmer,kathy-kennedy,robert-downing,Cynthia-Maki,Pamela-Hergett,Daniel-Doherty,Michelle-Anderson2,jared-boehmke,Joshua-Weathers,"Ian-Powers""",,,,,,,,,,,,,
NRM-Reference-Application-2023,michael-spritzer,"Angela-Castillo""",,,,,,,,,,,,,,,,,,,,,,,,,,,
NRM-Reference-Application-2023-API,"michael-spritzer""",,,,,,,,,,,,,,,,,,,,,,,,,,,,
NRM-Reference-Application-2023-Database,"michael-spritzer""",,,,,,,,,,,,,,,,,,,,,,,,,,,,
NRM-Reference-Application-2023-Frontend,"michael-spritzer""",,,,,,,,,,,,,,,,,,,,,,,,,,,,
NRM-Reference-Application-2023-Mulesoft,"michael-spritzer""",,,,,,,,,,,,,,,,,,,,,,,,,,,,
,,,,,,,,,,,,,,,,,,,,,,,,,,,,,
NRM-Road,aaronburk,marc-smith,thompson-grant,anthony-courter,brian-moe,crlandis,davidbpayne,kevin-j-johnson,patricia-chynoweth,tboll,Pamela-Hergett,Daniel-Doherty,Michelle-Anderson2,"jared-boehmke""",,,,,,,,,,,,,,,
NRM-Road-ERL,aaronburk,nathan-farnsworth,"brian-moe""",,,,,,,,,,,,,,,,,,,,,,,,,,
NRM-Road-RATSE,adrian-grell,brian-moe,elisha-palmer,Timothy-Lindemann,Ashwani-Gupta,Udhayanidhi-Poyyamozhi,"Maria-Conrado""",,,,,,,,,,,,,,,,,,,,,,
NRM-Road-RMO,aaronburk,nathan-farnsworth,naveen-jonnalagadda,susan-emery,lance-bragin,gary-petrakes,thompson-grant,brian-moe,Daniel-Doherty,Michelle-Anderson2,Sheetal-Darpe,"Jinal-Shah""",,,,,,,,,,,,,,,,,
NRM-Road-RteAuth,aaronburk,nathan-farnsworth,gary-petrakes,"brian-moe""",,,,,,,,,,,,,,,,,,,,,,,,,
NRM-Road-RteAuthOrg,aaronburk,nathan-farnsworth,"brian-moe""",,,,,,,,,,,,,,,,,,,,,,,,,,
NRM-RPM,aaronburk,nathan-farnsworth,susan-emery,andrew-hackethorn,thompson-grant,airwin,brian-moe,kathy-kennedy,patricia-chynoweth,Pamela-Hergett,Daniel-Doherty,Michelle-Anderson2,"jared-boehmke""",,,,,,,,,,,,,,,,
NRM-RPTS,nathan-farnsworth,colin-stynes,allison-leech,jeffrey-johnson,thompson-grant,john-simonitch,adrian-grell,bjlee,jstangl,ronald-hartman,Michael-Allen,"Scott-Johnson""",,,,,,,,,,,,,,,,,
NRM-Sandbox-Test,christalrhigdon,"nathan-farnsworth""",,,,,,,,,,,,,,,,,,,,,,,,,,,
NRM-SDELoginTool,nathan-farnsworth,andrew-hackethorn,sukanya-pailla,jencinas,Timothy-Lindemann,Diedre-Arzy,"Michael-Allen""",,,,,,,,,,,,,,,,,,,,,,
NRM-Security,michael-spritzer,allison-leech,lsamet,thompson-grant,ann-mates,delvin-bunton,pamela-young,Angela-Castillo,curtis-phelps,"monica-chandler""",,,,,,,,,,,,,,,,,,,
NRM-ServiceBridge,michael-spritzer,Michael-Allen,"Lakshmi-Chebrolu""",,,,,,,,,,,,,,,,,,,,,,,,,,
NRM-SharedObjects,svitlana-sergeeva,Pamela-Hergett,jared-boehmke,"Michael-Allen""",,,,,,,,,,,,,,,,,,,,,,,,,
NRM-SharedObjects-Basic,nathan-farnsworth,naveen-jonnalagadda,gary-petrakes,"ethan-bodin""",,,,,,,,,,,,,,,,,,,,,,,,,
NRM-SharedObjects-DevStatus,"nathan-farnsworth""",,,,,,,,,,,,,,,,,,,,,,,,,,,,
NRM-SharedObjects-Email,nathan-farnsworth,naveen-jonnalagadda,"gary-petrakes""",,,,,,,,,,,,,,,,,,,,,,,,,,
NRM-SharedObjects-JasperReportServletV6,nathan-farnsworth,naveen-jonnalagadda,gary-petrakes,"Lorena-Vasquez""",,,,,,,,,,,,,,,,,,,,,,,,,
NRM-SharedObjects-MobileJava,"nathan-farnsworth""",,,,,,,,,,,,,,,,,,,,,,,,,,,,
NRM-SharedObjects-RptPara,"nathan-farnsworth""",,,,,,,,,,,,,,,,,,,,,,,,,,,,
NRM-SharedObjects-RptPara-Legacy,nathan-farnsworth,naveen-jonnalagadda,"gary-petrakes""",,,,,,,,,,,,,,,,,,,,,,,,,,
NRM-SharedObjects-WebServices,nathan-farnsworth,naveen-jonnalagadda,gary-petrakes,"ethan-bodin""",,,,,,,,,,,,,,,,,,,,,,,,,
NRM-SMP_Geospatial_Web_and_Mobile_and_Cloud,Timothy-Lindemann,"Jordan-Bess""",,,,,,,,,,,,,,,,,,,,,,,,,,,
NRM-STIGs,nathan-farnsworth,hieu-nguyen,susan-emery,stephaniebelarde,steven-moslin,steven-lammey,robert-galentine,gina-siroy,allison-leech,lsamet,mona-tomomitsu,cmcconnell01,Mark-Leikam,Daniel-Doherty,jared-boehmke,beth-dowsett,Bradley-Fels,"Sheetal-Thakkar""",,,,,,,,,,,
NRM-SUDS,nathan-farnsworth,susan-emery,jose-acosta3,David-Horst,chelsea-muir,eric-turbeville,Wade-Koenen,travis-fack,Lorena-Vasquez,John-Hartfield,william-tebah,Harathi-Boyapati,Casperrina-Owens,Sudhakara-Sareddy,Michael-Sirotin,Syed-Raza,"Jalilur-Rahaman""",,,,,,,,,,,,
NRM-SUDS-Data,nathan-farnsworth,David-Horst,chris-granger,chuck-siefke,renae-hoar,"Wade-Koenen""",,,,,,,,,,,,,,,,,,,,,,,
NRM-SUDS-ePermits-Legacy,nathan-farnsworth,naveen-jonnalagadda,leo-chan,enlang,gary-petrakes,"john-simonitch""",,,,,,,,,,,,,,,,,,,,,,,
NRM-SUDS-Legacy,nathan-farnsworth,cam-meyer,chelsea-muir,eric-turbeville,Gaurav-Thakkar,"Lakshmi-Chebrolu""",,,,,,,,,,,,,,,,,,,,,,,
NRM-SUDS-Permit-Templates,chelsea-muir,eric-turbeville,lisa-summers,"Wade-Koenen""",,,,,,,,,,,,,,,,,,,,,,,,,
NRM-SUDS-Proposal,nathan-farnsworth,jose-acosta3,"chris-granger""",,,,,,,,,,,,,,,,,,,,,,,,,,
NRM-SUDS-UI-Core,nathan-farnsworth,jose-acosta3,"chris-granger""",,,,,,,,,,,,,,,,,,,,,,,,,,
NRM-Taxa,susan-emery,lance-bragin,gary-petrakes,lsamet,portia-jelinek,adrian-grell,jstangl,lynne-ouellette,mbarczak,linda-spencer,Thomas-Wolfe,"Jessie-Bowen""",,,,,,,,,,,,,,,,,
NRM-TESP_IS,nathan-farnsworth,martin-ferwerda,duane-fisher,anthony-courter,lynne-ouellette,patricia-chynoweth,Timothy-Lindemann,Thomas-Wolfe,"Bradley-Strittmatter""",,,,,,,,,,,,,,,,,,,,
NRM-Testing,gina-siroy,Angela-Castillo,tiffany-Hayes,Leena-Jacob,"monica-chandler""",,,,,,,,,,,,,,,,,,,,,,,,
NRM-Test-Repo,"nathan-farnsworth""",,,,,,,,,,,,,,,,,,,,,,,,,,,,
NRM-Tiger-Team,adrian-grell,Lorena-Vasquez,Adam-Shepherd,Molly-Trace,Patrick-Murphy2,Aileen-Asare,Andrew-rawlings,vinu-raghavan,Macire-Diakite,Tewedaj-Zegeye,Patrick-Carney,Paul-Calabrese,Russell-Lubojacky,"Mahlet-Gudeta""",,,,,,,,,,,,,,,
NRM-TIM,susan-emery,leo-chan,enlang,sukanya-pailla,marc-smith,beth-boddiger,dguidry,jashe,narasimhan-wudali,patricia-chynoweth,svitlana-sergeeva,kelly-starling,Lakshmi-Chebrolu,Jeffrey-Chase,"Robert-Gawlik""",,,,,,,,,,,,,,
NRM-TRAIL,aaronburk,nathan-farnsworth,alla-gatton,brendayankoviak,elisha-palmer,kevin-j-johnson,lynne-ouellette,robert-downing,svitlana-sergeeva,tboll,Daniel-Doherty,Michelle-Anderson2,"jared-boehmke""",,,,,,,,,,,,,,,,
NRM-Trail-2022,mahmoud-awad,christalrhigdon,elisha-palmer,Lorena-Vasquez,matthew-able,Molly-Trace,Patrick-Carney,Yojando-Drullard,Scott-Rosner,David-Black,Lawrence-Armstrong,Jonathan-Demuth,Annalisa-Stasey,Joy-Difranza,"Neida-Ortiz""",,,,,,,,,,,,,,
NRM-Trail-eTRACS,nathan-farnsworth,sukanya-pailla,brendayankoviak,"elisha-palmer""",,,,,,,,,,,,,,,,,,,,,,,,,
NRM-Transformation,shadat-mahmud,"matthew-reiss""",,,,,,,,,,,,,,,,,,,,,,,,,,,
NRM-TrBrdg,aaronburk,nathan-farnsworth,thompson-grant,brendayankoviak,elisha-palmer,kevin-j-johnson,lynne-ouellette,svitlana-sergeeva,Daniel-Doherty,"Michelle-Anderson2""",,,,,,,,,,,,,,,,,,,
NRM-UACS,nathan-farnsworth,naveen-jonnalagadda,enlang,gary-petrakes,delvin-bunton,jonathanbenoit,"Mark-Leikam""",,,,,,,,,,,,,,,,,,,,,,
NRM-UICore,lance-bragin,jeffrey-johnson,john-simonitch,ethan-bodin,frederick-pieper,"Scott-Johnson""",,,,,,,,,,,,,,,,,,,,,,,
NRM-UICore-DemoApp,nathan-farnsworth,"john-simonitch""",,,,,,,,,,,,,,,,,,,,,,,,,,,
,,,,,,,,,,,,,,,,,,,,,,,,,,,,,
NRM-UMA,anupama-wudali,andrew-hackethorn,lance-bragin,lsamet,adrian-grell,ann-mates,delvin-bunton,jencinas,Mark-Leikam,pamela-young,Daniel-Doherty,jared-boehmke,Jeffrey-Chase,"Robert-Gawlik""",,,,,,,,,,,,,,,
NRM-Utilities,nathan-farnsworth,andrew-hackethorn,lsamet,ethan-bodin,"jencinas""",,,,,,,,,,,,,,,,,,,,,,,,
NRM-WasteWatSys,aaronburk,nathan-farnsworth,susan-emery,thompson-grant,kathy-kennedy,Daniel-Doherty,Michelle-Anderson2,mathew-barnett,jared-boehmke,betty-block,"randa-osborn""",,,,,,,,,,,,,,,,,,
NRM-WaterSamp,aaronburk,nathan-farnsworth,susan-emery,thompson-grant,john-simonitch,bjlee,Daniel-Doherty,Michelle-Anderson2,mathew-barnett,betty-block,"randa-osborn""",,,,,,,,,,,,,,,,,,
NRM-WaterSys,aaronburk,nathan-farnsworth,susan-emery,thompson-grant,Mark-Leikam,Daniel-Doherty,Michelle-Anderson2,mathew-barnett,jared-boehmke,betty-block,"randa-osborn""",,,,,,,,,,,,,,,,,,
NRM-WCATT,christine-didocha,joan-carlson,robert-downing,sean-dunlap,Michael-Dunlap1,Thomas-Wolfe,Jessie-Bowen,Sheetal-Darpe,"Scott-Johnson""",,,,,,,,,,,,,,,,,,,,
NRM-Wild,nathan-farnsworth,colin-stynes,enlang,portia-jelinek,jose-acosta3,esandeno,frederick-pieper,patricia-chynoweth,"Michelle-Anderson2""",,,,,,,,,,,,,,,,,,,,
NRM-Wild-Legacy,naveen-jonnalagadda,gary-petrakes,portia-jelinek,jose-acosta3,esandeno,jencinas,patricia-chynoweth,Michelle-Anderson2,Gaurav-Thakkar,BalaKrishna-Chitneni,"Lakshmi-Chebrolu""",,,,,,,,,,,,,,,,,,
NRM-Wildlife,mahmoud-awad,nathan-farnsworth,susan-emery,gina-siroy,colin-stynes,martin-ferwerda,lance-bragin,jeffrey-johnson,lsamet,portia-jelinek,john-simonitch,adrian-grell,anthony-courter,denise-wickwar,frederick-pieper,george-w-johnson,jsulzman,jonathanbenoit,jstangl,lynne-ouellette,robert-downing,susan-dibble,Lorena-Vasquez,Thomas-Wolfe,"Jessie-Bowen""",,,,
NRM-Wildlife-Legacy,nathan-farnsworth,gina-siroy,denise-wickwar,jstangl,lynne-ouellette,"Thomas-Wolfe""",,,,,,,,,,,,,,,,,,,,,,,
NRM-WIT,aaronburk,nathan-farnsworth,andrew-hackethorn,christine-didocha,lance-bragin,anthony-courter,bjlee,george-w-johnson,joan-carlson,mbarczak,sean-dunlap,Michael-Dunlap1,Thomas-Wolfe,"Khamille-Jaynes""",,,,,,,,,,,,,,,
NRM-WM-FSWEB,johnmichael-vaisa,Nicholas-Rockower,Revathi-Gajula,David-Hester2,"Dana-Gravelle""",,,,,,,,,,,,,,,,,,,,,,,,
NRM-Workbench,nathan-farnsworth,susan-emery,adrian-grell,bjlee,cmcconnell01,mbarczak,sharon-horn,neelima-semaldinne,jay-a-frankland,Thomas-Wolfe,Jessie-Bowen,Sheetal-Darpe,"anna-johnston""",,,,,,,,,,,,,,,,
NRM-WrkItems,aaronburk,brian-moe,charlesruhsenberger,Pamela-Hergett,mathew-barnett,jared-boehmke,"betty-block""",,,,,,,,,,,,,,,,,,,,,,
NRM-WRU,nathan-farnsworth,martin-ferwerda,christine-didocha,cmcconnell01,Thomas-Wolfe,"anna-johnston""",,,,,,,,,,,,,,,,,,,,,,,
NRM-WSR,nathan-farnsworth,naveen-jonnalagadda,anupama-wudali,portia-jelinek,esandeno,patricia-chynoweth,Michelle-Anderson2,"Gaurav-Thakkar""",,,,,,,,,,,,,,,,,,,,,
NRM-YearEnd,enlang,bjlee,"Mark-Leikam""",,,,,,,,,,,,,,,,,,,,,,,,,,
